x-axis,1
second,Volt
-10.0400E+00,
-10.0300E+00,
-10.0200E+00,
-10.0100E+00,
-10.0000E+00,+338.6E-03
-9.9900E+00,+342.8E-03
-9.9800E+00,+340.3E-03
-9.9700E+00,+337.3E-03
-9.9600E+00,+338.6E-03
-9.9500E+00,+337.1E-03
-9.9400E+00,+336.3E-03
-9.9300E+00,+338.6E-03
-9.9200E+00,+339.3E-03
-9.9100E+00,+337.2E-03
-9.9000E+00,+342.6E-03
-9.8900E+00,+336.7E-03
-9.8800E+00,+340.9E-03
-9.8700E+00,+340.9E-03
-9.8600E+00,+342.3E-03
-9.8500E+00,+340.6E-03
-9.8400E+00,+339.7E-03
-9.8300E+00,+340.0E-03
-9.8200E+00,+338.9E-03
-9.8100E+00,+345.9E-03
-9.8000E+00,+339.1E-03
-9.7900E+00,+339.5E-03
-9.7800E+00,+344.8E-03
-9.7700E+00,+344.4E-03
-9.7600E+00,+341.1E-03
-9.7500E+00,+341.1E-03
-9.7400E+00,+343.2E-03
-9.7300E+00,+342.9E-03
-9.7200E+00,+341.1E-03
-9.7100E+00,+341.1E-03
-9.7000E+00,+336.6E-03
-9.6900E+00,+341.3E-03
-9.6800E+00,+341.7E-03
-9.6700E+00,+339.3E-03
-9.6600E+00,+340.0E-03
-9.6500E+00,+344.1E-03
-9.6400E+00,+344.9E-03
-9.6300E+00,+341.1E-03
-9.6200E+00,+338.8E-03
-9.6100E+00,+339.8E-03
-9.6000E+00,+343.6E-03
-9.5900E+00,+338.6E-03
-9.5800E+00,+339.3E-03
-9.5700E+00,+338.3E-03
-9.5600E+00,+346.0E-03
-9.5500E+00,+338.6E-03
-9.5400E+00,+338.6E-03
-9.5300E+00,+338.5E-03
-9.5200E+00,+342.8E-03
-9.5100E+00,+338.6E-03
-9.5000E+00,+338.6E-03
-9.4900E+00,+340.7E-03
-9.4800E+00,+342.7E-03
-9.4700E+00,+342.3E-03
-9.4600E+00,+339.5E-03
-9.4500E+00,+341.1E-03
-9.4400E+00,+343.7E-03
-9.4300E+00,+341.1E-03
-9.4200E+00,+338.6E-03
-9.4100E+00,+340.0E-03
-9.4000E+00,+343.6E-03
-9.3900E+00,+343.6E-03
-9.3800E+00,+338.6E-03
-9.3700E+00,+338.6E-03
-9.3600E+00,+345.5E-03
-9.3500E+00,+344.1E-03
-9.3400E+00,+340.0E-03
-9.3300E+00,+340.4E-03
-9.3200E+00,+343.6E-03
-9.3100E+00,+341.0E-03
-9.3000E+00,+340.1E-03
-9.2900E+00,+342.7E-03
-9.2800E+00,+339.7E-03
-9.2700E+00,+341.2E-03
-9.2600E+00,+338.6E-03
-9.2500E+00,+338.6E-03
-9.2400E+00,+338.2E-03
-9.2300E+00,+341.1E-03
-9.2200E+00,+336.1E-03
-9.2100E+00,+338.6E-03
-9.2000E+00,+338.6E-03
-9.1900E+00,+338.7E-03
-9.1800E+00,+341.1E-03
-9.1700E+00,+340.4E-03
-9.1600E+00,+337.2E-03
-9.1500E+00,+343.6E-03
-9.1400E+00,+342.4E-03
-9.1300E+00,+341.1E-03
-9.1200E+00,+338.8E-03
-9.1100E+00,+346.8E-03
-9.1000E+00,+343.1E-03
-9.0900E+00,+341.1E-03
-9.0800E+00,+338.6E-03
-9.0700E+00,+342.0E-03
-9.0600E+00,+338.7E-03
-9.0500E+00,+339.1E-03
-9.0400E+00,+339.5E-03
-9.0300E+00,+339.9E-03
-9.0200E+00,+336.9E-03
-9.0100E+00,+338.6E-03
-9.0000E+00,+338.6E-03
-8.9900E+00,+340.7E-03
-8.9800E+00,+336.1E-03
-8.9700E+00,+338.6E-03
-8.9600E+00,+338.6E-03
-8.9500E+00,+341.1E-03
-8.9400E+00,+341.3E-03
-8.9300E+00,+341.1E-03
-8.9200E+00,+339.3E-03
-8.9100E+00,+340.0E-03
-8.9000E+00,+343.6E-03
-8.8900E+00,+342.3E-03
-8.8800E+00,+340.9E-03
-8.8700E+00,+338.6E-03
-8.8600E+00,+341.1E-03
-8.8500E+00,+338.6E-03
-8.8400E+00,+338.6E-03
-8.8300E+00,+338.6E-03
-8.8200E+00,+340.8E-03
-8.8100E+00,+343.2E-03
-8.8000E+00,+341.6E-03
-8.7900E+00,+338.6E-03
-8.7800E+00,+338.6E-03
-8.7700E+00,+334.4E-03
-8.7600E+00,+344.9E-03
-8.7500E+00,+338.6E-03
-8.7400E+00,+339.4E-03
-8.7300E+00,+341.1E-03
-8.7200E+00,+338.5E-03
-8.7100E+00,+337.0E-03
-8.7000E+00,+340.6E-03
-8.6900E+00,+338.7E-03
-8.6800E+00,+343.6E-03
-8.6700E+00,+336.5E-03
-8.6600E+00,+338.6E-03
-8.6500E+00,+338.6E-03
-8.6400E+00,+341.7E-03
-8.6300E+00,+331.2E-03
-8.6200E+00,+338.8E-03
-8.6100E+00,+339.2E-03
-8.6000E+00,+345.6E-03
-8.5900E+00,+332.5E-03
-8.5800E+00,+340.4E-03
-8.5700E+00,+340.8E-03
-8.5600E+00,+336.3E-03
-8.5500E+00,+332.6E-03
-8.5400E+00,+341.1E-03
-8.5300E+00,+339.8E-03
-8.5200E+00,+337.7E-03
-8.5100E+00,+339.4E-03
-8.5000E+00,+341.1E-03
-8.4900E+00,+338.6E-03
-8.4800E+00,+338.6E-03
-8.4700E+00,+342.4E-03
-8.4600E+00,+342.7E-03
-8.4500E+00,+338.6E-03
-8.4400E+00,+338.8E-03
-8.4300E+00,+335.8E-03
-8.4200E+00,+341.1E-03
-8.4100E+00,+341.1E-03
-8.4000E+00,+340.1E-03
-8.3900E+00,+341.2E-03
-8.3800E+00,+336.7E-03
-8.3700E+00,+340.9E-03
-8.3600E+00,+338.6E-03
-8.3500E+00,+343.1E-03
-8.3400E+00,+336.9E-03
-8.3300E+00,+340.4E-03
-8.3200E+00,+338.6E-03
-8.3100E+00,+333.8E-03
-8.3000E+00,+343.1E-03
-8.2900E+00,+339.5E-03
-8.2800E+00,+339.9E-03
-8.2700E+00,+338.6E-03
-8.2600E+00,+332.3E-03
-8.2500E+00,+336.1E-03
-8.2400E+00,+340.7E-03
-8.2300E+00,+340.3E-03
-8.2200E+00,+339.9E-03
-8.2100E+00,+339.5E-03
-8.2000E+00,+338.6E-03
-8.1900E+00,+338.7E-03
-8.1800E+00,+331.3E-03
-8.1700E+00,+340.4E-03
-8.1600E+00,+340.8E-03
-8.1500E+00,+340.1E-03
-8.1400E+00,+336.0E-03
-8.1300E+00,+336.7E-03
-8.1200E+00,+338.8E-03
-8.1100E+00,+340.5E-03
-8.1000E+00,+333.1E-03
-8.0900E+00,+345.0E-03
-8.0800E+00,+336.8E-03
-8.0700E+00,+338.9E-03
-8.0600E+00,+336.2E-03
-8.0500E+00,+345.6E-03
-8.0400E+00,+335.4E-03
-8.0300E+00,+338.6E-03
-8.0200E+00,+336.9E-03
-8.0100E+00,+336.1E-03
-8.0000E+00,+343.6E-03
-7.9900E+00,+340.7E-03
-7.9800E+00,+338.6E-03
-7.9700E+00,+343.6E-03
-7.9600E+00,+342.0E-03
-7.9500E+00,+339.1E-03
-7.9400E+00,+338.6E-03
-7.9300E+00,+343.3E-03
-7.9200E+00,+344.3E-03
-7.9100E+00,+338.6E-03
-7.9000E+00,+338.6E-03
-7.8900E+00,+341.7E-03
-7.8800E+00,+339.0E-03
-7.8700E+00,+340.7E-03
-7.8600E+00,+337.3E-03
-7.8500E+00,+341.1E-03
-7.8400E+00,+340.5E-03
-7.8300E+00,+335.7E-03
-7.8200E+00,+340.5E-03
-7.8100E+00,+341.0E-03
-7.8000E+00,+340.6E-03
-7.7900E+00,+339.3E-03
-7.7800E+00,+338.6E-03
-7.7700E+00,+339.4E-03
-7.7600E+00,+335.7E-03
-7.7500E+00,+343.6E-03
-7.7400E+00,+341.1E-03
-7.7300E+00,+340.3E-03
-7.7200E+00,+339.9E-03
-7.7100E+00,+340.9E-03
-7.7000E+00,+338.6E-03
-7.6900E+00,+338.7E-03
-7.6800E+00,+336.7E-03
-7.6700E+00,+341.8E-03
-7.6600E+00,+343.3E-03
-7.6500E+00,+338.6E-03
-7.6400E+00,+341.1E-03
-7.6300E+00,+338.2E-03
-7.6200E+00,+343.4E-03
-7.6100E+00,+338.6E-03
-7.6000E+00,+338.6E-03
-7.5900E+00,+342.2E-03
-7.5800E+00,+337.5E-03
-7.5700E+00,+338.6E-03
-7.5600E+00,+338.7E-03
-7.5500E+00,+334.1E-03
-7.5400E+00,+335.2E-03
-7.5300E+00,+338.6E-03
-7.5200E+00,+341.1E-03
-7.5100E+00,+339.0E-03
-7.5000E+00,+346.1E-03
-7.4900E+00,+336.9E-03
-7.4800E+00,+340.3E-03
-7.4700E+00,+339.8E-03
-7.4600E+00,+340.2E-03
-7.4500E+00,+340.6E-03
-7.4400E+00,+338.6E-03
-7.4300E+00,+338.6E-03
-7.4200E+00,+341.8E-03
-7.4100E+00,+337.8E-03
-7.4000E+00,+340.1E-03
-7.3900E+00,+338.6E-03
-7.3800E+00,+341.1E-03
-7.3700E+00,+343.0E-03
-7.3600E+00,+340.5E-03
-7.3500E+00,+341.1E-03
-7.3400E+00,+341.7E-03
-7.3300E+00,+337.5E-03
-7.3200E+00,+338.9E-03
-7.3100E+00,+338.6E-03
-7.3000E+00,+336.6E-03
-7.2900E+00,+333.8E-03
-7.2800E+00,+342.5E-03
-7.2700E+00,+341.1E-03
-7.2600E+00,+341.1E-03
-7.2500E+00,+341.1E-03
-7.2400E+00,+341.5E-03
-7.2300E+00,+340.3E-03
-7.2200E+00,+341.1E-03
-7.2100E+00,+341.1E-03
-7.2000E+00,+343.1E-03
-7.1900E+00,+338.7E-03
-7.1800E+00,+341.1E-03
-7.1700E+00,+344.3E-03
-7.1600E+00,+345.0E-03
-7.1500E+00,+340.1E-03
-7.1400E+00,+338.6E-03
-7.1300E+00,+338.4E-03
-7.1200E+00,+343.4E-03
-7.1100E+00,+338.0E-03
-7.1000E+00,+338.6E-03
-7.0900E+00,+341.1E-03
-7.0800E+00,+339.0E-03
-7.0700E+00,+334.5E-03
-7.0600E+00,+338.6E-03
-7.0500E+00,+340.6E-03
-7.0400E+00,+340.2E-03
-7.0300E+00,+338.5E-03
-7.0200E+00,+337.8E-03
-7.0100E+00,+338.6E-03
-7.0000E+00,+341.1E-03
-6.9900E+00,+343.6E-03
-6.9800E+00,+339.4E-03
-6.9700E+00,+338.6E-03
-6.9600E+00,+342.7E-03
-6.9500E+00,+339.6E-03
-6.9400E+00,+341.1E-03
-6.9300E+00,+340.8E-03
-6.9200E+00,+334.3E-03
-6.9100E+00,+339.7E-03
-6.9000E+00,+337.1E-03
-6.8900E+00,+339.2E-03
-6.8800E+00,+338.4E-03
-6.8700E+00,+343.4E-03
-6.8600E+00,+341.1E-03
-6.8500E+00,+338.6E-03
-6.8400E+00,+337.2E-03
-6.8300E+00,+339.3E-03
-6.8200E+00,+340.2E-03
-6.8100E+00,+338.6E-03
-6.8000E+00,+338.6E-03
-6.7900E+00,+337.9E-03
-6.7800E+00,+341.1E-03
-6.7700E+00,+339.4E-03
-6.7600E+00,+338.6E-03
-6.7500E+00,+336.1E-03
-6.7400E+00,+341.5E-03
-6.7300E+00,+337.8E-03
-6.7200E+00,+338.6E-03
-6.7100E+00,+339.5E-03
-6.7000E+00,+343.1E-03
-6.6900E+00,+338.6E-03
-6.6800E+00,+338.6E-03
-6.6700E+00,+340.4E-03
-6.6600E+00,+340.8E-03
-6.6500E+00,+336.1E-03
-6.6400E+00,+338.0E-03
-6.6300E+00,+340.9E-03
-6.6200E+00,+341.1E-03
-6.6100E+00,+338.6E-03
-6.6000E+00,+338.6E-03
-6.5900E+00,+339.7E-03
-6.5800E+00,+344.0E-03
-6.5700E+00,+335.8E-03
-6.5600E+00,+338.6E-03
-6.5500E+00,+340.6E-03
-6.5400E+00,+339.3E-03
-6.5300E+00,+341.1E-03
-6.5200E+00,+338.6E-03
-6.5100E+00,+339.0E-03
-6.5000E+00,+341.1E-03
-6.4900E+00,+336.9E-03
-6.4800E+00,+340.3E-03
-6.4700E+00,+339.9E-03
-6.4600E+00,+339.5E-03
-6.4500E+00,+345.1E-03
-6.4400E+00,+343.5E-03
-6.4300E+00,+338.6E-03
-6.4200E+00,+339.3E-03
-6.4100E+00,+341.4E-03
-6.4000E+00,+343.6E-03
-6.3900E+00,+338.6E-03
-6.3800E+00,+338.6E-03
-6.3700E+00,+343.2E-03
-6.3600E+00,+340.4E-03
-6.3500E+00,+337.6E-03
-6.3400E+00,+340.0E-03
-6.3300E+00,+337.5E-03
-6.3200E+00,+333.6E-03
-6.3100E+00,+336.2E-03
-6.3000E+00,+340.6E-03
-6.2900E+00,+338.6E-03
-6.2800E+00,+342.4E-03
-6.2700E+00,+338.6E-03
-6.2600E+00,+338.6E-03
-6.2500E+00,+338.6E-03
-6.2400E+00,+343.2E-03
-6.2300E+00,+339.5E-03
-6.2200E+00,+342.3E-03
-6.2100E+00,+338.6E-03
-6.2000E+00,+341.1E-03
-6.1900E+00,+338.6E-03
-6.1800E+00,+341.1E-03
-6.1700E+00,+340.4E-03
-6.1600E+00,+343.3E-03
-6.1500E+00,+340.1E-03
-6.1400E+00,+340.5E-03
-6.1300E+00,+338.8E-03
-6.1200E+00,+340.9E-03
-6.1100E+00,+336.1E-03
-6.1000E+00,+341.1E-03
-6.0900E+00,+341.1E-03
-6.0800E+00,+337.9E-03
-6.0700E+00,+336.4E-03
-6.0600E+00,+338.7E-03
-6.0500E+00,+338.6E-03
-6.0400E+00,+339.5E-03
-6.0300E+00,+341.1E-03
-6.0200E+00,+341.1E-03
-6.0100E+00,+338.6E-03
-6.0000E+00,+341.1E-03
-5.9900E+00,+345.3E-03
-5.9800E+00,+340.3E-03
-5.9700E+00,+338.6E-03
-5.9600E+00,+340.2E-03
-5.9500E+00,+341.6E-03
-5.9400E+00,+341.4E-03
-5.9300E+00,+338.9E-03
-5.9200E+00,+341.1E-03
-5.9100E+00,+337.2E-03
-5.9000E+00,+340.6E-03
-5.8900E+00,+346.2E-03
-5.8800E+00,+338.6E-03
-5.8700E+00,+338.8E-03
-5.8600E+00,+339.3E-03
-5.8500E+00,+343.1E-03
-5.8400E+00,+338.6E-03
-5.8300E+00,+339.3E-03
-5.8200E+00,+334.5E-03
-5.8100E+00,+341.1E-03
-5.8000E+00,+339.1E-03
-5.7900E+00,+339.5E-03
-5.7800E+00,+338.6E-03
-5.7700E+00,+342.7E-03
-5.7600E+00,+340.7E-03
-5.7500E+00,+341.1E-03
-5.7400E+00,+334.4E-03
-5.7300E+00,+342.8E-03
-5.7200E+00,+339.8E-03
-5.7100E+00,+339.5E-03
-5.7000E+00,+338.6E-03
-5.6900E+00,+341.3E-03
-5.6800E+00,+339.2E-03
-5.6700E+00,+336.8E-03
-5.6600E+00,+337.5E-03
-5.6500E+00,+341.1E-03
-5.6400E+00,+341.1E-03
-5.6300E+00,+338.4E-03
-5.6200E+00,+338.8E-03
-5.6100E+00,+341.7E-03
-5.6000E+00,+343.6E-03
-5.5900E+00,+339.7E-03
-5.5800E+00,+338.6E-03
-5.5700E+00,+343.3E-03
-5.5600E+00,+345.8E-03
-5.5500E+00,+338.6E-03
-5.5400E+00,+337.0E-03
-5.5300E+00,+338.6E-03
-5.5200E+00,+342.8E-03
-5.5100E+00,+338.2E-03
-5.5000E+00,+336.1E-03
-5.4900E+00,+338.6E-03
-5.4800E+00,+336.9E-03
-5.4700E+00,+339.9E-03
-5.4600E+00,+337.7E-03
-5.4500E+00,+340.6E-03
-5.4400E+00,+338.7E-03
-5.4300E+00,+338.9E-03
-5.4200E+00,+338.6E-03
-5.4100E+00,+340.0E-03
-5.4000E+00,+344.6E-03
-5.3900E+00,+341.1E-03
-5.3800E+00,+338.2E-03
-5.3700E+00,+320.8E-03
-5.3600E+00,+326.1E-03
-5.3500E+00,+327.0E-03
-5.3400E+00,+317.1E-03
-5.3300E+00,+299.1E-03
-5.3200E+00,+298.4E-03
-5.3100E+00,+303.3E-03
-5.3000E+00,+299.4E-03
-5.2900E+00,+298.4E-03
-5.2800E+00,+300.9E-03
-5.2700E+00,+301.7E-03
-5.2600E+00,+303.4E-03
-5.2500E+00,+298.4E-03
-5.2400E+00,+300.9E-03
-5.2300E+00,+302.6E-03
-5.2200E+00,+304.7E-03
-5.2100E+00,+298.4E-03
-5.2000E+00,+300.9E-03
-5.1900E+00,+305.8E-03
-5.1800E+00,+298.7E-03
-5.1700E+00,+279.4E-03
-5.1600E+00,+280.8E-03
-5.1500E+00,+278.3E-03
-5.1400E+00,+282.1E-03
-5.1300E+00,+278.3E-03
-5.1200E+00,+280.6E-03
-5.1100E+00,+280.8E-03
-5.1000E+00,+279.8E-03
-5.0900E+00,+278.3E-03
-5.0800E+00,+280.8E-03
-5.0700E+00,+281.1E-03
-5.0600E+00,+278.5E-03
-5.0500E+00,+263.7E-03
-5.0400E+00,+261.6E-03
-5.0300E+00,+259.5E-03
-5.0200E+00,+264.0E-03
-5.0100E+00,+260.3E-03
-5.0000E+00,+263.2E-03
-4.9900E+00,+263.2E-03
-4.9800E+00,+259.0E-03
-4.9700E+00,+273.6E-03
-4.9600E+00,+281.7E-03
-4.9500E+00,+281.3E-03
-4.9400E+00,+281.0E-03
-4.9300E+00,+281.4E-03
-4.9200E+00,+281.5E-03
-4.9100E+00,+280.8E-03
-4.9000E+00,+281.8E-03
-4.8900E+00,+285.2E-03
-4.8800E+00,+283.3E-03
-4.8700E+00,+281.0E-03
-4.8600E+00,+280.8E-03
-4.8500E+00,+286.8E-03
-4.8400E+00,+342.2E-03
-4.8300E+00,+341.1E-03
-4.8200E+00,+341.1E-03
-4.8100E+00,+341.2E-03
-4.8000E+00,+671.7E-03
-4.7900E+00,+666.8E-03
-4.7800E+00,+667.7E-03
-4.7700E+00,+666.1E-03
-4.7600E+00,+417.3E-03
-4.7500E+00,+416.5E-03
-4.7400E+00,+416.5E-03
-4.7300E+00,+418.2E-03
-4.7200E+00,+670.2E-03
-4.7100E+00,+667.0E-03
-4.7000E+00,+667.7E-03
-4.6900E+00,+667.7E-03
-4.6800E+00,+727.4E-03
-4.6700E+00,+719.8E-03
-4.6600E+00,+723.0E-03
-4.6500E+00,+724.5E-03
-4.6400E+00,+836.1E-03
-4.6300E+00,+836.1E-03
-4.6200E+00,+838.6E-03
-4.6100E+00,+838.6E-03
-4.6000E+00,+800.9E-03
-4.5900E+00,+797.3E-03
-4.5800E+00,+798.4E-03
-4.5700E+00,+798.4E-03
-4.5600E+00,+820.5E-03
-4.5500E+00,+816.5E-03
-4.5400E+00,+818.5E-03
-4.5300E+00,+818.5E-03
-4.5200E+00,+1.1196E+00
-4.5100E+00,+1.1799E+00
-4.5000E+00,+1.1803E+00
-4.4900E+00,+1.1828E+00
-4.4800E+00,+1.4549E+00
-4.4700E+00,+1.5483E+00
-4.4600E+00,+1.5471E+00
-4.4500E+00,+1.5496E+00
-4.4400E+00,+1.6950E+00
-4.4300E+00,+1.9218E+00
-4.4200E+00,+1.9215E+00
-4.4100E+00,+1.9240E+00
-4.4000E+00,+2.0114E+00
-4.3900E+00,+2.3330E+00
-4.3800E+00,+2.3310E+00
-4.3700E+00,+2.3334E+00
-4.3600E+00,+2.3355E+00
-4.3500E+00,+2.7939E+00
-4.3400E+00,+2.7883E+00
-4.3300E+00,+2.7890E+00
-4.3200E+00,+2.7951E+00
-4.3100E+00,+3.1049E+00
-4.3000E+00,+3.0999E+00
-4.2900E+00,+3.1008E+00
-4.2800E+00,+3.1024E+00
-4.2700E+00,+3.1275E+00
-4.2600E+00,+3.1300E+00
-4.2500E+00,+3.1300E+00
-4.2400E+00,+3.1326E+00
-4.2300E+00,+2.0639E+00
-4.2200E+00,+2.0609E+00
-4.2100E+00,+2.0597E+00
-4.2000E+00,+2.0647E+00
-4.1900E+00,+2.0145E+00
-4.1800E+00,+2.0094E+00
-4.1700E+00,+2.0076E+00
-4.1600E+00,+2.0094E+00
-4.1500E+00,+1.9074E+00
-4.1400E+00,+1.9058E+00
-4.1300E+00,+1.9039E+00
-4.1200E+00,+1.9039E+00
-4.1100E+00,+2.9341E+00
-4.1000E+00,+2.9275E+00
-4.0900E+00,+2.9240E+00
-4.0800E+00,+2.9240E+00
-4.0700E+00,+3.1275E+00
-4.0600E+00,+3.1300E+00
-4.0500E+00,+3.1295E+00
-4.0400E+00,+3.1300E+00
-4.0300E+00,+3.1275E+00
-4.0200E+00,+3.1300E+00
-4.0100E+00,+3.1279E+00
-4.0000E+00,+3.1300E+00
-3.9900E+00,+3.1250E+00
-3.9800E+00,+3.1275E+00
-3.9700E+00,+3.1262E+00
-3.9600E+00,+3.1266E+00
-3.9500E+00,+3.0527E+00
-3.9400E+00,+2.9918E+00
-3.9300E+00,+2.9896E+00
-3.9200E+00,+2.9893E+00
-3.9100E+00,+3.0104E+00
-3.9000E+00,+3.0411E+00
-3.8900E+00,+3.0421E+00
-3.8800E+00,+3.0396E+00
-3.8700E+00,+2.9749E+00
-3.8600E+00,+2.8090E+00
-3.8500E+00,+2.8084E+00
-3.8400E+00,+2.8059E+00
-3.8300E+00,+2.8481E+00
-3.8200E+00,+3.1225E+00
-3.8100E+00,+3.1225E+00
-3.8000E+00,+3.1200E+00
-3.7900E+00,+3.1175E+00
-3.7800E+00,+2.6714E+00
-3.7700E+00,+2.6702E+00
-3.7600E+00,+2.6698E+00
-3.7500E+00,+2.6677E+00
-3.7400E+00,+2.8436E+00
-3.7300E+00,+2.8411E+00
-3.7200E+00,+2.8436E+00
-3.7100E+00,+2.8395E+00
-3.7000E+00,+2.4386E+00
-3.6900E+00,+2.4366E+00
-3.6800E+00,+2.4391E+00
-3.6700E+00,+2.4341E+00
-3.6600E+00,+2.4717E+00
-3.6500E+00,+2.4717E+00
-3.6400E+00,+2.4717E+00
-3.6300E+00,+2.4690E+00
-3.6200E+00,+2.1728E+00
-3.6100E+00,+2.1728E+00
-3.6000E+00,+2.1728E+00
-3.5900E+00,+2.1713E+00
-3.5800E+00,+2.1376E+00
-3.5700E+00,+2.1376E+00
-3.5600E+00,+2.1376E+00
-3.5500E+00,+2.1356E+00
-3.5400E+00,+1.8486E+00
-3.5300E+00,+1.8486E+00
-3.5200E+00,+1.8511E+00
-3.5100E+00,+1.8507E+00
-3.5000E+00,+1.8310E+00
-3.4900E+00,+1.8285E+00
-3.4800E+00,+1.8310E+00
-3.4700E+00,+1.8310E+00
-3.4600E+00,+1.6175E+00
-3.4500E+00,+1.6175E+00
-3.4400E+00,+1.6200E+00
-3.4300E+00,+1.6200E+00
-3.4200E+00,+1.5858E+00
-3.4100E+00,+1.5823E+00
-3.4000E+00,+1.5848E+00
-3.3900E+00,+1.5848E+00
-3.3800E+00,+1.3336E+00
-3.3700E+00,+1.3312E+00
-3.3600E+00,+1.3330E+00
-3.3500E+00,+1.3361E+00
-3.3400E+00,+1.3795E+00
-3.3300E+00,+1.3913E+00
-3.3200E+00,+1.3913E+00
-3.3100E+00,+1.3939E+00
-3.3000E+00,+1.1647E+00
-3.2900E+00,+1.1024E+00
-3.2800E+00,+1.1025E+00
-3.2700E+00,+1.1049E+00
-3.2600E+00,+1.1699E+00
-3.2500E+00,+1.2557E+00
-3.2400E+00,+1.2578E+00
-3.2300E+00,+1.2599E+00
-3.2200E+00,+1.1313E+00
-3.2100E+00,+947.5E-03
-3.2000E+00,+949.1E-03
-3.1900E+00,+951.7E-03
-3.1800E+00,+971.5E-03
-3.1700E+00,+1.1659E+00
-3.1600E+00,+1.1613E+00
-3.1500E+00,+1.1612E+00
-3.1400E+00,+1.1229E+00
-3.1300E+00,+878.6E-03
-3.1200E+00,+871.2E-03
-3.1100E+00,+871.2E-03
-3.1000E+00,+875.8E-03
-3.0900E+00,+916.5E-03
-3.0800E+00,+908.9E-03
-3.0700E+00,+909.5E-03
-3.0600E+00,+914.0E-03
-3.0500E+00,+878.3E-03
-3.0400E+00,+873.8E-03
-3.0300E+00,+873.8E-03
-3.0200E+00,+876.3E-03
-3.0100E+00,+839.0E-03
-3.0000E+00,+836.1E-03
-2.9900E+00,+835.7E-03
-2.9800E+00,+838.6E-03
-2.9700E+00,+779.6E-03
-2.9600E+00,+777.4E-03
-2.9500E+00,+778.3E-03
-2.9400E+00,+775.9E-03
-2.9300E+00,+723.0E-03
-2.9200E+00,+723.0E-03
-2.9100E+00,+722.7E-03
-2.9000E+00,+720.5E-03
-2.8900E+00,+991.8E-03
-2.8800E+00,+989.3E-03
-2.8700E+00,+984.3E-03
-2.8600E+00,+984.3E-03
-2.8500E+00,+989.3E-03
-2.8400E+00,+989.3E-03
-2.8300E+00,+986.1E-03
-2.8200E+00,+989.0E-03
-2.8100E+00,+706.4E-03
-2.8000E+00,+705.4E-03
-2.7900E+00,+703.8E-03
-2.7800E+00,+704.1E-03
-2.7700E+00,+979.1E-03
-2.7600E+00,+989.3E-03
-2.7500E+00,+989.3E-03
-2.7400E+00,+986.8E-03
-2.7300E+00,+1.0199E+00
-2.7200E+00,+1.0295E+00
-2.7100E+00,+1.0295E+00
-2.7000E+00,+1.0265E+00
-2.6900E+00,+760.6E-03
-2.6800E+00,+705.7E-03
-2.6700E+00,+705.4E-03
-2.6600E+00,+702.9E-03
-2.6500E+00,+887.8E-03
-2.6400E+00,+1.1495E+00
-2.6300E+00,+1.1476E+00
-2.6200E+00,+1.1428E+00
-2.6100E+00,+1.1082E+00
-2.6000E+00,+1.0496E+00
-2.5900E+00,+1.0496E+00
-2.5800E+00,+1.0471E+00
-2.5700E+00,+1.0144E+00
-2.5600E+00,+740.7E-03
-2.5500E+00,+740.6E-03
-2.5400E+00,+742.2E-03
-2.5300E+00,+764.7E-03
-2.5200E+00,+970.1E-03
-2.5100E+00,+969.2E-03
-2.5000E+00,+969.2E-03
-2.4900E+00,+967.1E-03
-2.4800E+00,+1.0086E+00
-2.4700E+00,+1.0094E+00
-2.4600E+00,+1.0085E+00
-2.4500E+00,+1.0019E+00
-2.4400E+00,+725.4E-03
-2.4300E+00,+723.0E-03
-2.4200E+00,+723.0E-03
-2.4100E+00,+719.1E-03
-2.4000E+00,+1.0481E+00
-2.3900E+00,+1.0452E+00
-2.3800E+00,+1.0471E+00
-2.3700E+00,+1.0471E+00
-2.3600E+00,+1.1457E+00
-2.3500E+00,+1.1451E+00
-2.3400E+00,+1.1465E+00
-2.3300E+00,+1.1476E+00
-2.3200E+00,+814.1E-03
-2.3100E+00,+813.7E-03
-2.3000E+00,+818.5E-03
-2.2900E+00,+818.5E-03
-2.2800E+00,+873.7E-03
-2.2700E+00,+876.3E-03
-2.2600E+00,+876.7E-03
-2.2500E+00,+876.3E-03
-2.2400E+00,+1.1169E+00
-2.2300E+00,+1.1225E+00
-2.2200E+00,+1.1250E+00
-2.2100E+00,+1.1250E+00
-2.2000E+00,+1.0657E+00
-2.1900E+00,+1.0647E+00
-2.1800E+00,+1.0647E+00
-2.1700E+00,+1.0672E+00
-2.1600E+00,+867.0E-03
-2.1500E+00,+838.1E-03
-2.1400E+00,+834.2E-03
-2.1300E+00,+836.3E-03
-2.1200E+00,+943.0E-03
-2.1100E+00,+949.1E-03
-2.1000E+00,+949.1E-03
-2.0900E+00,+951.6E-03
-2.0800E+00,+1.0461E+00
-2.0700E+00,+1.1225E+00
-2.0600E+00,+1.1249E+00
-2.0500E+00,+1.1250E+00
-2.0400E+00,+1.0880E+00
-2.0300E+00,+1.0459E+00
-2.0200E+00,+1.0446E+00
-2.0100E+00,+1.0475E+00
-2.0000E+00,+1.0170E+00
-1.9900E+00,+854.5E-03
-1.9800E+00,+855.4E-03
-1.9700E+00,+855.0E-03
-1.9600E+00,+905.0E-03
-1.9500E+00,+1.1265E+00
-1.9400E+00,+1.1225E+00
-1.9300E+00,+1.1200E+00
-1.9200E+00,+1.1232E+00
-1.9100E+00,+1.0697E+00
-1.9000E+00,+1.0622E+00
-1.8900E+00,+1.0647E+00
-1.8800E+00,+1.0651E+00
-1.8700E+00,+858.5E-03
-1.8600E+00,+853.7E-03
-1.8500E+00,+852.7E-03
-1.8400E+00,+856.2E-03
-1.8300E+00,+990.0E-03
-1.8200E+00,+986.8E-03
-1.8100E+00,+986.8E-03
-1.8000E+00,+986.3E-03
-1.7900E+00,+1.0697E+00
-1.7800E+00,+1.0697E+00
-1.7700E+00,+1.0647E+00
-1.7600E+00,+1.0647E+00
-1.7500E+00,+856.2E-03
-1.7400E+00,+856.6E-03
-1.7300E+00,+854.5E-03
-1.7200E+00,+855.0E-03
-1.7100E+00,+818.5E-03
-1.7000E+00,+820.5E-03
-1.6900E+00,+818.4E-03
-1.6800E+00,+816.0E-03
-1.6700E+00,+1.0898E+00
-1.6600E+00,+1.0887E+00
-1.6500E+00,+1.0833E+00
-1.6400E+00,+1.0842E+00
-1.6300E+00,+951.6E-03
-1.6200E+00,+951.8E-03
-1.6100E+00,+947.8E-03
-1.6000E+00,+949.6E-03
-1.5900E+00,+877.7E-03
-1.5800E+00,+878.1E-03
-1.5700E+00,+878.5E-03
-1.5600E+00,+873.9E-03
-1.5500E+00,+1.0572E+00
-1.5400E+00,+1.0898E+00
-1.5300E+00,+1.0885E+00
-1.5200E+00,+1.0857E+00
-1.5100E+00,+1.0869E+00
-1.5000E+00,+1.0898E+00
-1.4900E+00,+1.0873E+00
-1.4800E+00,+1.0848E+00
-1.4700E+00,+999.2E-03
-1.4600E+00,+933.2E-03
-1.4500E+00,+932.1E-03
-1.4400E+00,+931.4E-03
-1.4300E+00,+889.2E-03
-1.4200E+00,+821.0E-03
-1.4100E+00,+818.5E-03
-1.4000E+00,+817.5E-03
-1.3900E+00,+851.5E-03
-1.3800E+00,+1.0473E+00
-1.3700E+00,+1.0471E+00
-1.3600E+00,+1.0490E+00
-1.3500E+00,+1.0527E+00
-1.3400E+00,+1.0876E+00
-1.3300E+00,+1.0873E+00
-1.3200E+00,+1.0873E+00
-1.3100E+00,+1.0873E+00
-1.3000E+00,+918.5E-03
-1.2900E+00,+914.9E-03
-1.2800E+00,+914.0E-03
-1.2700E+00,+909.7E-03
-1.2600E+00,+949.5E-03
-1.2500E+00,+951.6E-03
-1.2400E+00,+953.8E-03
-1.2300E+00,+948.2E-03
-1.2200E+00,+1.1225E+00
-1.2100E+00,+1.1234E+00
-1.2000E+00,+1.1255E+00
-1.1900E+00,+1.1249E+00
-1.1800E+00,+1.0142E+00
-1.1700E+00,+1.0051E+00
-1.1600E+00,+1.0094E+00
-1.1500E+00,+1.0094E+00
-1.1400E+00,+1.0088E+00
-1.1300E+00,+1.0046E+00
-1.1200E+00,+1.0117E+00
-1.1100E+00,+1.0094E+00
-1.1000E+00,+1.0270E+00
-1.0900E+00,+1.0284E+00
-1.0800E+00,+1.0302E+00
-1.0700E+00,+1.0295E+00
-1.0600E+00,+1.1631E+00
-1.0500E+00,+1.1652E+00
-1.0400E+00,+1.1668E+00
-1.0300E+00,+1.1665E+00
-1.0200E+00,+1.1075E+00
-1.0100E+00,+1.1070E+00
-1.0000E+00,+1.1049E+00
-990.0E-03,+1.1070E+00
-980.0E-03,+1.0568E+00
-970.0E-03,+1.0458E+00
-960.0E-03,+1.0446E+00
-950.0E-03,+1.0476E+00
-940.0E-03,+1.0801E+00
-930.0E-03,+1.0851E+00
-920.0E-03,+1.0855E+00
-910.0E-03,+1.0873E+00
-900.0E-03,+1.1416E+00
-890.0E-03,+1.2199E+00
-880.0E-03,+1.2180E+00
-870.0E-03,+1.2205E+00
-860.0E-03,+1.2154E+00
-850.0E-03,+1.2014E+00
-840.0E-03,+1.1993E+00
-830.0E-03,+1.2011E+00
-820.0E-03,+1.2011E+00
-810.0E-03,+1.1829E+00
-800.0E-03,+1.1803E+00
-790.0E-03,+1.1828E+00
-780.0E-03,+1.1635E+00
-770.0E-03,+991.0E-03
-760.0E-03,+987.2E-03
-750.0E-03,+984.3E-03
-740.0E-03,+989.3E-03
-730.0E-03,+1.0697E+00
-720.0E-03,+1.0647E+00
-710.0E-03,+1.0663E+00
-700.0E-03,+1.0692E+00
-690.0E-03,+1.1099E+00
-680.0E-03,+1.1024E+00
-670.0E-03,+1.1024E+00
-660.0E-03,+1.1063E+00
-650.0E-03,+1.1074E+00
-640.0E-03,+1.1024E+00
-630.0E-03,+1.1045E+00
-620.0E-03,+1.1049E+00
-610.0E-03,+1.1269E+00
-600.0E-03,+1.1235E+00
-590.0E-03,+1.1225E+00
-580.0E-03,+1.1207E+00
-570.0E-03,+1.0675E+00
-560.0E-03,+1.0672E+00
-550.0E-03,+1.0647E+00
-540.0E-03,+1.0647E+00
-530.0E-03,+1.1853E+00
-520.0E-03,+1.1845E+00
-510.0E-03,+1.1803E+00
-500.0E-03,+1.1778E+00
-490.0E-03,+1.2218E+00
-480.0E-03,+1.2230E+00
-470.0E-03,+1.2180E+00
-460.0E-03,+1.2171E+00
-450.0E-03,+1.1255E+00
-440.0E-03,+1.1250E+00
-430.0E-03,+1.1250E+00
-420.0E-03,+1.1218E+00
-410.0E-03,+1.0257E+00
-400.0E-03,+1.0094E+00
-390.0E-03,+1.0088E+00
-380.0E-03,+1.0044E+00
-370.0E-03,+1.1479E+00
-360.0E-03,+1.1677E+00
-350.0E-03,+1.1662E+00
-340.0E-03,+1.1613E+00
-330.0E-03,+1.1701E+00
-320.0E-03,+1.1850E+00
-310.0E-03,+1.1852E+00
-300.0E-03,+1.1803E+00
-290.0E-03,+1.1353E+00
-280.0E-03,+1.0886E+00
-270.0E-03,+1.0873E+00
-260.0E-03,+1.0848E+00
-250.0E-03,+1.0898E+00
-240.0E-03,+1.1673E+00
-230.0E-03,+1.1652E+00
-220.0E-03,+1.1626E+00
-210.0E-03,+1.1602E+00
-200.0E-03,+1.1652E+00
-190.0E-03,+1.1653E+00
-180.0E-03,+1.1652E+00
-170.0E-03,+1.1609E+00
-160.0E-03,+1.2403E+00
-150.0E-03,+1.2396E+00
-140.0E-03,+1.2412E+00
-130.0E-03,+1.2394E+00
-120.0E-03,+1.1849E+00
-110.0E-03,+1.1834E+00
-100.0E-03,+1.1838E+00
-90.0E-03,+1.1803E+00
-80.0E-03,+1.1688E+00
-70.0E-03,+1.1652E+00
-60.0E-03,+1.1652E+00
-50.0E-03,+1.1617E+00
-40.0E-03,+1.2415E+00
-30.0E-03,+1.2393E+00
-20.0E-03,+1.2414E+00
-10.0E-03,+1.2402E+00
-0.0E+00,+1.2783E+00
+10.0E-03,+1.2783E+00
+20.0E-03,+1.2791E+00
+30.0E-03,+1.2808E+00
+40.0E-03,+1.1451E+00
+50.0E-03,+1.1446E+00
+60.0E-03,+1.1475E+00
+70.0E-03,+1.1476E+00
+80.0E-03,+1.3178E+00
+90.0E-03,+1.3146E+00
+100.0E-03,+1.3185E+00
+110.0E-03,+1.3185E+00
+120.0E-03,+1.3160E+00
+130.0E-03,+1.3137E+00
+140.0E-03,+1.3173E+00
+150.0E-03,+1.3185E+00
+160.0E-03,+1.2278E+00
+170.0E-03,+1.2216E+00
+180.0E-03,+1.2186E+00
+190.0E-03,+1.2206E+00
+200.0E-03,+1.2878E+00
+210.0E-03,+1.2975E+00
+220.0E-03,+1.2959E+00
+230.0E-03,+1.2976E+00
+240.0E-03,+1.2984E+00
+250.0E-03,+1.2959E+00
+260.0E-03,+1.2934E+00
+270.0E-03,+1.2984E+00
+280.0E-03,+1.2801E+00
+290.0E-03,+1.2573E+00
+300.0E-03,+1.2557E+00
+310.0E-03,+1.2583E+00
+320.0E-03,+1.2474E+00
+330.0E-03,+1.2187E+00
+340.0E-03,+1.2180E+00
+350.0E-03,+1.2205E+00
+360.0E-03,+1.2404E+00
+370.0E-03,+1.3359E+00
+380.0E-03,+1.3336E+00
+390.0E-03,+1.3355E+00
+400.0E-03,+1.3195E+00
+410.0E-03,+1.1476E+00
+420.0E-03,+1.1476E+00
+430.0E-03,+1.1448E+00
+440.0E-03,+1.1452E+00
+450.0E-03,+1.3386E+00
+460.0E-03,+1.3352E+00
+470.0E-03,+1.3336E+00
+480.0E-03,+1.3361E+00
+490.0E-03,+1.2029E+00
+500.0E-03,+1.2004E+00
+510.0E-03,+1.1979E+00
+520.0E-03,+1.2021E+00
+530.0E-03,+1.2833E+00
+540.0E-03,+1.2774E+00
+550.0E-03,+1.2758E+00
+560.0E-03,+1.2759E+00
+570.0E-03,+1.3006E+00
+580.0E-03,+1.2984E+00
+590.0E-03,+1.2959E+00
+600.0E-03,+1.2944E+00
+610.0E-03,+1.1482E+00
+620.0E-03,+1.1476E+00
+630.0E-03,+1.1451E+00
+640.0E-03,+1.1464E+00
+650.0E-03,+1.3210E+00
+660.0E-03,+1.3185E+00
+670.0E-03,+1.3135E+00
+680.0E-03,+1.3157E+00
+690.0E-03,+1.3010E+00
+700.0E-03,+1.2984E+00
+710.0E-03,+1.2943E+00
+720.0E-03,+1.2947E+00
+730.0E-03,+1.1476E+00
+740.0E-03,+1.1480E+00
+750.0E-03,+1.1451E+00
+760.0E-03,+1.1426E+00
+770.0E-03,+1.2253E+00
+780.0E-03,+1.2431E+00
+790.0E-03,+1.2397E+00
+800.0E-03,+1.2361E+00
+810.0E-03,+1.2028E+00
+820.0E-03,+1.2029E+00
+830.0E-03,+1.2029E+00
+840.0E-03,+1.1979E+00
+850.0E-03,+1.1552E+00
+860.0E-03,+1.1275E+00
+870.0E-03,+1.1250E+00
+880.0E-03,+1.1246E+00
+890.0E-03,+1.1562E+00
+900.0E-03,+1.1853E+00
+910.0E-03,+1.1839E+00
+920.0E-03,+1.1803E+00
+930.0E-03,+1.1898E+00
+940.0E-03,+1.2229E+00
+950.0E-03,+1.2210E+00
+960.0E-03,+1.2189E+00
+970.0E-03,+1.2046E+00
+980.0E-03,+1.1652E+00
+990.0E-03,+1.1652E+00
+1.0000E+00,+1.1652E+00
+1.0100E+00,+1.1606E+00
+1.0200E+00,+1.3545E+00
+1.0300E+00,+1.3562E+00
+1.0400E+00,+1.3571E+00
+1.0500E+00,+1.3376E+00
+1.0600E+00,+1.0695E+00
+1.0700E+00,+1.0697E+00
+1.0800E+00,+1.0672E+00
+1.0900E+00,+1.0633E+00
+1.1000E+00,+1.2220E+00
+1.1100E+00,+1.2205E+00
+1.1200E+00,+1.2205E+00
+1.1300E+00,+1.2159E+00
+1.1400E+00,+1.1803E+00
+1.1500E+00,+1.1818E+00
+1.1600E+00,+1.1828E+00
+1.1700E+00,+1.1821E+00
+1.1800E+00,+1.0694E+00
+1.1900E+00,+1.0647E+00
+1.2000E+00,+1.0672E+00
+1.2100E+00,+1.0688E+00
+1.2200E+00,+1.2959E+00
+1.2300E+00,+1.2951E+00
+1.2400E+00,+1.2980E+00
+1.2500E+00,+1.2984E+00
+1.2600E+00,+1.0672E+00
+1.2700E+00,+1.0655E+00
+1.2800E+00,+1.0697E+00
+1.2900E+00,+1.0688E+00
+1.3000E+00,+1.1637E+00
+1.3100E+00,+1.1602E+00
+1.3200E+00,+1.1649E+00
+1.3300E+00,+1.1652E+00
+1.3400E+00,+1.1968E+00
+1.3500E+00,+1.1994E+00
+1.3600E+00,+1.1985E+00
+1.3700E+00,+1.2006E+00
+1.3800E+00,+1.0560E+00
+1.3900E+00,+1.0471E+00
+1.4000E+00,+1.0461E+00
+1.4100E+00,+1.0485E+00
+1.4200E+00,+1.1724E+00
+1.4300E+00,+1.2183E+00
+1.4400E+00,+1.2156E+00
+1.4500E+00,+1.2205E+00
+1.4600E+00,+1.1594E+00
+1.4700E+00,+1.1213E+00
+1.4800E+00,+1.1200E+00
+1.4900E+00,+1.1250E+00
+1.5000E+00,+1.1175E+00
+1.5100E+00,+1.1028E+00
+1.5200E+00,+1.1024E+00
+1.5300E+00,+1.1037E+00
+1.5400E+00,+1.1311E+00
+1.5500E+00,+1.2019E+00
+1.5600E+00,+1.1979E+00
+1.5700E+00,+1.1979E+00
+1.5800E+00,+1.1805E+00
+1.5900E+00,+1.0094E+00
+1.6000E+00,+1.0039E+00
+1.6100E+00,+1.0044E+00
+1.6200E+00,+1.0151E+00
+1.6300E+00,+1.2052E+00
+1.6400E+00,+1.1998E+00
+1.6500E+00,+1.1989E+00
+1.6600E+00,+1.2018E+00
+1.6700E+00,+1.0094E+00
+1.6800E+00,+1.0069E+00
+1.6900E+00,+1.0044E+00
+1.7000E+00,+1.0069E+00
+1.7100E+00,+1.0496E+00
+1.7200E+00,+1.0471E+00
+1.7300E+00,+1.0446E+00
+1.7400E+00,+1.0454E+00
+1.7500E+00,+1.2632E+00
+1.7600E+00,+1.2607E+00
+1.7700E+00,+1.2557E+00
+1.7800E+00,+1.2557E+00
+1.7900E+00,+989.3E-03
+1.8000E+00,+989.3E-03
+1.8100E+00,+984.3E-03
+1.8200E+00,+986.8E-03
+1.8300E+00,+1.2230E+00
+1.8400E+00,+1.2205E+00
+1.8500E+00,+1.2165E+00
+1.8600E+00,+1.2161E+00
+1.8700E+00,+1.0295E+00
+1.8800E+00,+1.0295E+00
+1.8900E+00,+1.0264E+00
+1.9000E+00,+1.0245E+00
+1.9100E+00,+1.1074E+00
+1.9200E+00,+1.1074E+00
+1.9300E+00,+1.1046E+00
+1.9400E+00,+1.1024E+00
+1.9500E+00,+1.1572E+00
+1.9600E+00,+1.1652E+00
+1.9700E+00,+1.1640E+00
+1.9800E+00,+1.1627E+00
+1.9900E+00,+996.0E-03
+2.0000E+00,+951.6E-03
+2.0100E+00,+952.1E-03
+2.0200E+00,+946.6E-03
+2.0300E+00,+1.1193E+00
+2.0400E+00,+1.2230E+00
+2.0500E+00,+1.2205E+00
+2.0600E+00,+1.2155E+00
+2.0700E+00,+1.1141E+00
+2.0800E+00,+1.0094E+00
+2.0900E+00,+1.0094E+00
+2.1000E+00,+1.0084E+00
+2.1100E+00,+1.0232E+00
+2.1200E+00,+1.0873E+00
+2.1300E+00,+1.0873E+00
+2.1400E+00,+1.0854E+00
+2.1500E+00,+1.1114E+00
+2.1600E+00,+1.2233E+00
+2.1700E+00,+1.2212E+00
+2.1800E+00,+1.2202E+00
+2.1900E+00,+1.2180E+00
+2.2000E+00,+932.1E-03
+2.2100E+00,+931.5E-03
+2.2200E+00,+932.8E-03
+2.2300E+00,+928.2E-03
+2.2400E+00,+1.2042E+00
+2.2500E+00,+1.2029E+00
+2.2600E+00,+1.2025E+00
+2.2700E+00,+1.1971E+00
+2.2800E+00,+1.0886E+00
+2.2900E+00,+1.0873E+00
+2.3000E+00,+1.0873E+00
+2.3100E+00,+1.0848E+00
+2.3200E+00,+988.7E-03
+2.3300E+00,+987.9E-03
+2.3400E+00,+988.2E-03
+2.3500E+00,+988.3E-03
+2.3600E+00,+1.2802E+00
+2.3700E+00,+1.2735E+00
+2.3800E+00,+1.2783E+00
+2.3900E+00,+1.2802E+00
+2.4000E+00,+989.3E-03
+2.4100E+00,+988.2E-03
+2.4200E+00,+989.3E-03
+2.4300E+00,+989.3E-03
+2.4400E+00,+1.0843E+00
+2.4500E+00,+1.0848E+00
+2.4600E+00,+1.0889E+00
+2.4700E+00,+1.0886E+00
+2.4800E+00,+1.2020E+00
+2.4900E+00,+1.2021E+00
+2.5000E+00,+1.2029E+00
+2.5100E+00,+1.2029E+00
+2.5200E+00,+972.4E-03
+2.5300E+00,+947.8E-03
+2.5400E+00,+948.4E-03
+2.5500E+00,+951.6E-03
+2.5600E+00,+1.1003E+00
+2.5700E+00,+1.1024E+00
+2.5800E+00,+1.1024E+00
+2.5900E+00,+1.1060E+00
+2.6000E+00,+1.0949E+00
+2.6100E+00,+1.0873E+00
+2.6200E+00,+1.0823E+00
+2.6300E+00,+1.0873E+00
+2.6400E+00,+967.0E-03
+2.6500E+00,+893.9E-03
+2.6600E+00,+893.6E-03
+2.6700E+00,+894.6E-03
+2.6800E+00,+940.1E-03
+2.6900E+00,+1.2030E+00
+2.7000E+00,+1.1979E+00
+2.7100E+00,+1.2004E+00
+2.7200E+00,+1.1522E+00
+2.7300E+00,+990.2E-03
+2.7400E+00,+984.7E-03
+2.7500E+00,+984.3E-03
+2.7600E+00,+987.2E-03
+2.7700E+00,+991.8E-03
+2.7800E+00,+984.3E-03
+2.7900E+00,+986.1E-03
+2.8000E+00,+998.4E-03
+2.8100E+00,+1.2053E+00
+2.8200E+00,+1.1979E+00
+2.8300E+00,+1.1979E+00
+2.8400E+00,+1.2029E+00
+2.8500E+00,+952.7E-03
+2.8600E+00,+947.2E-03
+2.8700E+00,+946.6E-03
+2.8800E+00,+951.4E-03
+2.8900E+00,+1.0898E+00
+2.9000E+00,+1.0858E+00
+2.9100E+00,+1.0848E+00
+2.9200E+00,+1.0855E+00
+2.9300E+00,+1.0898E+00
+2.9400E+00,+1.0873E+00
+2.9500E+00,+1.0833E+00
+2.9600E+00,+1.0823E+00
+2.9700E+00,+818.5E-03
+2.9800E+00,+819.3E-03
+2.9900E+00,+815.6E-03
+3.0000E+00,+813.5E-03
+3.0100E+00,+1.1275E+00
+3.0200E+00,+1.1250E+00
+3.0300E+00,+1.1200E+00
+3.0400E+00,+1.1234E+00
+3.0500E+00,+971.7E-03
+3.0600E+00,+971.7E-03
+3.0700E+00,+967.0E-03
+3.0800E+00,+967.4E-03
+3.0900E+00,+969.5E-03
+3.1000E+00,+971.7E-03
+3.1100E+00,+968.6E-03
+3.1200E+00,+969.4E-03
+3.1300E+00,+1.1364E+00
+3.1400E+00,+1.1476E+00
+3.1500E+00,+1.1461E+00
+3.1600E+00,+1.1426E+00
+3.1700E+00,+995.1E-03
+3.1800E+00,+951.6E-03
+3.1900E+00,+951.6E-03
+3.2000E+00,+947.1E-03
+3.2100E+00,+964.3E-03
+3.2200E+00,+974.3E-03
+3.2300E+00,+973.5E-03
+3.2400E+00,+966.3E-03
+3.2500E+00,+1.0295E+00
+3.2600E+00,+1.1497E+00
+3.2700E+00,+1.1476E+00
+3.2800E+00,+1.1450E+00
+3.2900E+00,+1.0576E+00
+3.3000E+00,+859.2E-03
+3.3100E+00,+858.7E-03
+3.3200E+00,+856.5E-03
+3.3300E+00,+875.4E-03
+3.3400E+00,+1.0496E+00
+3.3500E+00,+1.0471E+00
+3.3600E+00,+1.0490E+00
+3.3700E+00,+1.0533E+00
+3.3800E+00,+1.1455E+00
+3.3900E+00,+1.1476E+00
+3.4000E+00,+1.1476E+00
+3.4100E+00,+1.1429E+00
+3.4200E+00,+818.5E-03
+3.4300E+00,+818.5E-03
+3.4400E+00,+818.5E-03
+3.4500E+00,+817.5E-03
+3.4600E+00,+1.1476E+00
+3.4700E+00,+1.1463E+00
+3.4800E+00,+1.1476E+00
+3.4900E+00,+1.1426E+00
+3.5000E+00,+1.0697E+00
+3.5100E+00,+1.0664E+00
+3.5200E+00,+1.0672E+00
+3.5300E+00,+1.0659E+00
+3.5400E+00,+855.5E-03
+3.5500E+00,+856.2E-03
+3.5600E+00,+858.7E-03
+3.5700E+00,+858.7E-03
+3.5800E+00,+1.1483E+00
+3.5900E+00,+1.1451E+00
+3.6000E+00,+1.1466E+00
+3.6100E+00,+1.1476E+00
+3.6200E+00,+1.0450E+00
+3.6300E+00,+1.0448E+00
+3.6400E+00,+1.0496E+00
+3.6500E+00,+1.0481E+00
+3.6600E+00,+927.6E-03
+3.6700E+00,+928.3E-03
+3.6800E+00,+931.5E-03
+3.6900E+00,+934.0E-03
+3.7000E+00,+1.1255E+00
+3.7100E+00,+1.1435E+00
+3.7200E+00,+1.1438E+00
+3.7300E+00,+1.1459E+00
+3.7400E+00,+1.0334E+00
+3.7500E+00,+1.0270E+00
+3.7600E+00,+1.0245E+00
+3.7700E+00,+1.0278E+00
+3.7800E+00,+947.7E-03
+3.7900E+00,+914.0E-03
+3.8000E+00,+912.0E-03
+3.8100E+00,+914.0E-03
+3.8200E+00,+1.0798E+00
+3.8300E+00,+1.2004E+00
+3.8400E+00,+1.1993E+00
+3.8500E+00,+1.2029E+00
+3.8600E+00,+1.1920E+00
+3.8700E+00,+1.1648E+00
+3.8800E+00,+1.1625E+00
+3.8900E+00,+1.1621E+00
+3.9000E+00,+1.1190E+00
+3.9100E+00,+1.0108E+00
+3.9200E+00,+1.0062E+00
+3.9300E+00,+1.0069E+00
+3.9400E+00,+1.0070E+00
+3.9500E+00,+1.1275E+00
+3.9600E+00,+1.1200E+00
+3.9700E+00,+1.1212E+00
+3.9800E+00,+1.1282E+00
+3.9900E+00,+1.1853E+00
+4.0000E+00,+1.1803E+00
+4.0100E+00,+1.1828E+00
+4.0200E+00,+1.1836E+00
+4.0300E+00,+1.1501E+00
+4.0400E+00,+1.1460E+00
+4.0500E+00,+1.1426E+00
+4.0600E+00,+1.1475E+00
+4.0700E+00,+971.7E-03
+4.0800E+00,+969.9E-03
+4.0900E+00,+969.2E-03
+4.1000E+00,+969.2E-03
+4.1100E+00,+1.1256E+00
+4.1200E+00,+1.1250E+00
+4.1300E+00,+1.1223E+00
+4.1400E+00,+1.1225E+00
+4.1500E+00,+1.1074E+00
+4.1600E+00,+1.1063E+00
+4.1700E+00,+1.1042E+00
+4.1800E+00,+1.1027E+00
+4.1900E+00,+1.1500E+00
+4.2000E+00,+1.1476E+00
+4.2100E+00,+1.1426E+00
+4.2200E+00,+1.1426E+00
+4.2300E+00,+971.7E-03
+4.2400E+00,+971.7E-03
+4.2500E+00,+966.7E-03
+4.2600E+00,+964.6E-03
+4.2700E+00,+1.1565E+00
+4.2800E+00,+1.1652E+00
+4.2900E+00,+1.1643E+00
+4.3000E+00,+1.1627E+00
+4.3100E+00,+1.0849E+00
+4.3200E+00,+1.0873E+00
+4.3300E+00,+1.0873E+00
+4.3400E+00,+1.0848E+00
+4.3500E+00,+994.9E-03
+4.3600E+00,+971.1E-03
+4.3700E+00,+971.7E-03
+4.3800E+00,+966.7E-03
+4.3900E+00,+1.1010E+00
+4.4000E+00,+1.1486E+00
+4.4100E+00,+1.1476E+00
+4.4200E+00,+1.1426E+00
+4.4300E+00,+1.1336E+00
+4.4400E+00,+1.1275E+00
+4.4500E+00,+1.1270E+00
+4.4600E+00,+1.1225E+00
+4.4700E+00,+1.0549E+00
+4.4800E+00,+951.6E-03
+4.4900E+00,+951.6E-03
+4.5000E+00,+949.1E-03
+4.5100E+00,+970.2E-03
+4.5200E+00,+1.1476E+00
+4.5300E+00,+1.1476E+00
+4.5400E+00,+1.1467E+00
+4.5500E+00,+1.1466E+00
+4.5600E+00,+1.1651E+00
+4.5700E+00,+1.1652E+00
+4.5800E+00,+1.1652E+00
+4.5900E+00,+1.1602E+00
+4.6000E+00,+1.0662E+00
+4.6100E+00,+1.0672E+00
+4.6200E+00,+1.0672E+00
+4.6300E+00,+1.0647E+00
+4.6400E+00,+1.1062E+00
+4.6500E+00,+1.1049E+00
+4.6600E+00,+1.1049E+00
+4.6700E+00,+1.1024E+00
+4.6800E+00,+1.1674E+00
+4.6900E+00,+1.1627E+00
+4.7000E+00,+1.1652E+00
+4.7100E+00,+1.1636E+00
+4.7200E+00,+1.1250E+00
+4.7300E+00,+1.1233E+00
+4.7400E+00,+1.1250E+00
+4.7500E+00,+1.1250E+00
+4.7600E+00,+1.0450E+00
+4.7700E+00,+1.0488E+00
+4.7800E+00,+1.0496E+00
+4.7900E+00,+1.0496E+00
+4.8000E+00,+1.1471E+00
+4.8100E+00,+1.1451E+00
+4.8200E+00,+1.1476E+00
+4.8300E+00,+1.1476E+00
+4.8400E+00,+1.2029E+00
+4.8500E+00,+1.2004E+00
+4.8600E+00,+1.2010E+00
+4.8700E+00,+1.2029E+00
+4.8800E+00,+1.1255E+00
+4.8900E+00,+1.1206E+00
+4.9000E+00,+1.1215E+00
+4.9100E+00,+1.1236E+00
+4.9200E+00,+1.0708E+00
+4.9300E+00,+1.0644E+00
+4.9400E+00,+1.0671E+00
+4.9500E+00,+1.0672E+00
+4.9600E+00,+1.1640E+00
+4.9700E+00,+1.1991E+00
+4.9800E+00,+1.1979E+00
+4.9900E+00,+1.2025E+00
+5.0000E+00,+1.2104E+00
+5.0100E+00,+1.2201E+00
+5.0200E+00,+1.2155E+00
+5.0300E+00,+1.2218E+00
+5.0400E+00,+1.1927E+00
+5.0500E+00,+1.1471E+00
+5.0600E+00,+1.1450E+00
+5.0700E+00,+1.1448E+00
+5.0800E+00,+1.1632E+00
+5.0900E+00,+1.2216E+00
+5.1000E+00,+1.2195E+00
+5.1100E+00,+1.2186E+00
+5.1200E+00,+1.2223E+00
+5.1300E+00,+1.2632E+00
+5.1400E+00,+1.2557E+00
+5.1500E+00,+1.2557E+00
+5.1600E+00,+1.2552E+00
+5.1700E+00,+1.1853E+00
+5.1800E+00,+1.1781E+00
+5.1900E+00,+1.1803E+00
+5.2000E+00,+1.1848E+00
+5.2100E+00,+1.1853E+00
+5.2200E+00,+1.1791E+00
+5.2300E+00,+1.1820E+00
+5.2400E+00,+1.1828E+00
+5.2500E+00,+1.3210E+00
+5.2600E+00,+1.3143E+00
+5.2700E+00,+1.3152E+00
+5.2800E+00,+1.3148E+00
+5.2900E+00,+1.2415E+00
+5.3000E+00,+1.2406E+00
+5.3100E+00,+1.2381E+00
+5.3200E+00,+1.2381E+00
+5.3300E+00,+1.2029E+00
+5.3400E+00,+1.2029E+00
+5.3500E+00,+1.1989E+00
+5.3600E+00,+1.1979E+00
+5.3700E+00,+1.3210E+00
+5.3800E+00,+1.3185E+00
+5.3900E+00,+1.3154E+00
+5.4000E+00,+1.3135E+00
+5.4100E+00,+1.3185E+00
+5.4200E+00,+1.3185E+00
+5.4300E+00,+1.3135E+00
+5.4400E+00,+1.3135E+00
+5.4500E+00,+1.2109E+00
+5.4600E+00,+1.2029E+00
+5.4700E+00,+1.2005E+00
+5.4800E+00,+1.1979E+00
+5.4900E+00,+1.2188E+00
+5.5000E+00,+1.2205E+00
+5.5100E+00,+1.2205E+00
+5.5200E+00,+1.2197E+00
+5.5300E+00,+1.2334E+00
+5.5400E+00,+1.2397E+00
+5.5500E+00,+1.2406E+00
+5.5600E+00,+1.2357E+00
+5.5700E+00,+1.2491E+00
+5.5800E+00,+1.2614E+00
+5.5900E+00,+1.2596E+00
+5.6000E+00,+1.2557E+00
+5.6100E+00,+1.2430E+00
+5.6200E+00,+1.2029E+00
+5.6300E+00,+1.2029E+00
+5.6400E+00,+1.1985E+00
+5.6500E+00,+1.2280E+00
+5.6600E+00,+1.2984E+00
+5.6700E+00,+1.2966E+00
+5.6800E+00,+1.2975E+00
+5.6900E+00,+1.2935E+00
+5.7000E+00,+1.2939E+00
+5.7100E+00,+1.2968E+00
+5.7200E+00,+1.2984E+00
+5.7300E+00,+1.2902E+00
+5.7400E+00,+1.2000E+00
+5.7500E+00,+1.2029E+00
+5.7600E+00,+1.2029E+00
+5.7700E+00,+1.1979E+00
+5.7800E+00,+1.2582E+00
+5.7900E+00,+1.2607E+00
+5.8000E+00,+1.2602E+00
+5.8100E+00,+1.2581E+00
+5.8200E+00,+1.3160E+00
+5.8300E+00,+1.3153E+00
+5.8400E+00,+1.3174E+00
+5.8500E+00,+1.3150E+00
+5.8600E+00,+1.1985E+00
+5.8700E+00,+1.2006E+00
+5.8800E+00,+1.2029E+00
+5.8900E+00,+1.2010E+00
+5.9000E+00,+1.2582E+00
+5.9100E+00,+1.2568E+00
+5.9200E+00,+1.2582E+00
+5.9300E+00,+1.2604E+00
+5.9400E+00,+1.2581E+00
+5.9500E+00,+1.2557E+00
+5.9600E+00,+1.2591E+00
+5.9700E+00,+1.2607E+00
+5.9800E+00,+1.1442E+00
+5.9900E+00,+1.1430E+00
+6.0000E+00,+1.1476E+00
+6.0100E+00,+1.1451E+00
+6.0200E+00,+1.2508E+00
+6.0300E+00,+1.2570E+00
+6.0400E+00,+1.2591E+00
+6.0500E+00,+1.2582E+00
+6.0600E+00,+1.1827E+00
+6.0700E+00,+1.1806E+00
+6.0800E+00,+1.1803E+00
+6.0900E+00,+1.1842E+00
+6.1000E+00,+1.2114E+00
+6.1100E+00,+1.2180E+00
+6.1200E+00,+1.2157E+00
+6.1300E+00,+1.2205E+00
+6.1400E+00,+1.2759E+00
+6.1500E+00,+1.2974E+00
+6.1600E+00,+1.2934E+00
+6.1700E+00,+1.2977E+00
+6.1800E+00,+1.2339E+00
+6.1900E+00,+1.1451E+00
+6.2000E+00,+1.1426E+00
+6.2100E+00,+1.1467E+00
+6.2200E+00,+1.1537E+00
+6.2300E+00,+1.1619E+00
+6.2400E+00,+1.1602E+00
+6.2500E+00,+1.1627E+00
+6.2600E+00,+1.1669E+00
+6.2700E+00,+1.2012E+00
+6.2800E+00,+1.1978E+00
+6.2900E+00,+1.1995E+00
+6.3000E+00,+1.1913E+00
+6.3100E+00,+1.1074E+00
+6.3200E+00,+1.1024E+00
+6.3300E+00,+1.1017E+00
+6.3400E+00,+1.1060E+00
+6.3500E+00,+1.2044E+00
+6.3600E+00,+1.1979E+00
+6.3700E+00,+1.2002E+00
+6.3800E+00,+1.2027E+00
+6.3900E+00,+1.2431E+00
+6.4000E+00,+1.2356E+00
+6.4100E+00,+1.2356E+00
+6.4200E+00,+1.2388E+00
+6.4300E+00,+1.1052E+00
+6.4400E+00,+1.1001E+00
+6.4500E+00,+1.1019E+00
+6.4600E+00,+1.1024E+00
+6.4700E+00,+1.3185E+00
+6.4800E+00,+1.3160E+00
+6.4900E+00,+1.3113E+00
+6.5000E+00,+1.3135E+00
+6.5100E+00,+1.3164E+00
+6.5200E+00,+1.3168E+00
+6.5300E+00,+1.3109E+00
+6.5400E+00,+1.3126E+00
+6.5500E+00,+1.2411E+00
+6.5600E+00,+1.2407E+00
+6.5700E+00,+1.2359E+00
+6.5800E+00,+1.2363E+00
+6.5900E+00,+1.3375E+00
+6.6000E+00,+1.3361E+00
+6.6100E+00,+1.3316E+00
+6.6200E+00,+1.3334E+00
+6.6300E+00,+1.2056E+00
+6.6400E+00,+1.2029E+00
+6.6500E+00,+1.1989E+00
+6.6600E+00,+1.1979E+00
+6.6700E+00,+1.2029E+00
+6.6800E+00,+1.2026E+00
+6.6900E+00,+1.2029E+00
+6.7000E+00,+1.1979E+00
+6.7100E+00,+1.2573E+00
+6.7200E+00,+1.2796E+00
+6.7300E+00,+1.2791E+00
+6.7400E+00,+1.2762E+00
+6.7500E+00,+1.2280E+00
+6.7600E+00,+1.2033E+00
+6.7700E+00,+1.2029E+00
+6.7800E+00,+1.2004E+00
+6.7900E+00,+1.1925E+00
+6.8000E+00,+1.1853E+00
+6.8100E+00,+1.1852E+00
+6.8200E+00,+1.1784E+00
+6.8300E+00,+1.2038E+00
+6.8400E+00,+1.2797E+00
+6.8500E+00,+1.2793E+00
+6.8600E+00,+1.2796E+00
+6.8700E+00,+1.2677E+00
+6.8800E+00,+1.1455E+00
+6.8900E+00,+1.1451E+00
+6.9000E+00,+1.1451E+00
+6.9100E+00,+1.1529E+00
+6.9200E+00,+1.3738E+00
+6.9300E+00,+1.3760E+00
+6.9400E+00,+1.3763E+00
+6.9500E+00,+1.3712E+00
+6.9600E+00,+1.1995E+00
+6.9700E+00,+1.2029E+00
+6.9800E+00,+1.2029E+00
+6.9900E+00,+1.1975E+00
+7.0000E+00,+1.2783E+00
+7.0100E+00,+1.2783E+00
+7.0200E+00,+1.2783E+00
+7.0300E+00,+1.2770E+00
+7.0400E+00,+1.3939E+00
+7.0500E+00,+1.3918E+00
+7.0600E+00,+1.3940E+00
+7.0700E+00,+1.3939E+00
+7.0800E+00,+1.2399E+00
+7.0900E+00,+1.2367E+00
+7.1000E+00,+1.2396E+00
+7.1100E+00,+1.2387E+00
+7.1200E+00,+1.2205E+00
+7.1300E+00,+1.2155E+00
+7.1400E+00,+1.2205E+00
+7.1500E+00,+1.2205E+00
+7.1600E+00,+1.3146E+00
+7.1700E+00,+1.3135E+00
+7.1800E+00,+1.3160E+00
+7.1900E+00,+1.3160E+00
+7.2000E+00,+1.2029E+00
+7.2100E+00,+1.1995E+00
+7.2200E+00,+1.2004E+00
+7.2300E+00,+1.2004E+00
+7.2400E+00,+1.1447E+00
+7.2500E+00,+1.1426E+00
+7.2600E+00,+1.1447E+00
+7.2700E+00,+1.1468E+00
+7.2800E+00,+1.2506E+00
+7.2900E+00,+1.2758E+00
+7.3000E+00,+1.2733E+00
+7.3100E+00,+1.2783E+00
+7.3200E+00,+1.2164E+00
+7.3300E+00,+1.2004E+00
+7.3400E+00,+1.1990E+00
+7.3500E+00,+1.2029E+00
+7.3600E+00,+1.1843E+00
+7.3700E+00,+1.1627E+00
+7.3800E+00,+1.1648E+00
+7.3900E+00,+1.1646E+00
+7.4000E+00,+1.2255E+00
+7.4100E+00,+1.3160E+00
+7.4200E+00,+1.3135E+00
+7.4300E+00,+1.3163E+00
+7.4400E+00,+1.2991E+00
+7.4500E+00,+1.1275E+00
+7.4600E+00,+1.1225E+00
+7.4700E+00,+1.1225E+00
+7.4800E+00,+1.1411E+00
+7.4900E+00,+1.2431E+00
+7.5000E+00,+1.2356E+00
+7.5100E+00,+1.2356E+00
+7.5200E+00,+1.2389E+00
+7.5300E+00,+1.2230E+00
+7.5400E+00,+1.2155E+00
+7.5500E+00,+1.2180E+00
+7.5600E+00,+1.2218E+00
+7.5700E+00,+1.1074E+00
+7.5800E+00,+1.1031E+00
+7.5900E+00,+1.1024E+00
+7.6000E+00,+1.1059E+00
+7.6100E+00,+1.2632E+00
+7.6200E+00,+1.2580E+00
+7.6300E+00,+1.2557E+00
+7.6400E+00,+1.2576E+00
+7.6500E+00,+1.1466E+00
+7.6600E+00,+1.1465E+00
+7.6700E+00,+1.1426E+00
+7.6800E+00,+1.1429E+00
+7.6900E+00,+1.1074E+00
+7.7000E+00,+1.1054E+00
+7.7100E+00,+1.1015E+00
+7.7200E+00,+1.1049E+00
+7.7300E+00,+1.3009E+00
+7.7400E+00,+1.3005E+00
+7.7500E+00,+1.2959E+00
+7.7600E+00,+1.2938E+00
+7.7700E+00,+1.1250E+00
+7.7800E+00,+1.1250E+00
+7.7900E+00,+1.1209E+00
+7.8000E+00,+1.1230E+00
+7.8100E+00,+1.1829E+00
+7.8200E+00,+1.1831E+00
+7.8300E+00,+1.1835E+00
+7.8400E+00,+1.1803E+00
+7.8500E+00,+1.2346E+00
+7.8600E+00,+1.2406E+00
+7.8700E+00,+1.2427E+00
+7.8800E+00,+1.2358E+00
+7.8900E+00,+1.1253E+00
+7.9000E+00,+1.1074E+00
+7.9100E+00,+1.1060E+00
+7.9200E+00,+1.1024E+00
+7.9300E+00,+1.1566E+00
+7.9400E+00,+1.1853E+00
+7.9500E+00,+1.1833E+00
+7.9600E+00,+1.1819E+00
+7.9700E+00,+1.1996E+00
+7.9800E+00,+1.2222E+00
+7.9900E+00,+1.2205E+00
+8.0000E+00,+1.2180E+00
+8.0100E+00,+1.1779E+00
+8.0200E+00,+1.1066E+00
+8.0300E+00,+1.1062E+00
+8.0400E+00,+1.1065E+00
+8.0500E+00,+1.1150E+00
+8.0600E+00,+1.1828E+00
+8.0700E+00,+1.1828E+00
+8.0800E+00,+1.1853E+00
+8.0900E+00,+1.1828E+00
+8.1000E+00,+1.2195E+00
+8.1100E+00,+1.2224E+00
+8.1200E+00,+1.2205E+00
+8.1300E+00,+1.2180E+00
+8.1400E+00,+1.1244E+00
+8.1500E+00,+1.1260E+00
+8.1600E+00,+1.1275E+00
+8.1700E+00,+1.1200E+00
+8.1800E+00,+1.3361E+00
+8.1900E+00,+1.3360E+00
+8.2000E+00,+1.3381E+00
+8.2100E+00,+1.3329E+00
+8.2200E+00,+1.1639E+00
+8.2300E+00,+1.1618E+00
+8.2400E+00,+1.1656E+00
+8.2500E+00,+1.1652E+00
+8.2600E+00,+1.2209E+00
+8.2700E+00,+1.2188E+00
+8.2800E+00,+1.2217E+00
+8.2900E+00,+1.2214E+00
+8.3000E+00,+1.2783E+00
+8.3100E+00,+1.2758E+00
+8.3200E+00,+1.2808E+00
+8.3300E+00,+1.2790E+00
+8.3400E+00,+1.1839E+00
+8.3500E+00,+1.1788E+00
+8.3600E+00,+1.1828E+00
+8.3700E+00,+1.1830E+00
+8.3800E+00,+1.2419E+00
+8.3900E+00,+1.2381E+00
+8.4000E+00,+1.2396E+00
+8.4100E+00,+1.2406E+00
+8.4200E+00,+1.2977E+00
+8.4300E+00,+1.2962E+00
+8.4400E+00,+1.2958E+00
+8.4500E+00,+1.2979E+00
+8.4600E+00,+1.1280E+00
+8.4700E+00,+1.0847E+00
+8.4800E+00,+1.0831E+00
+8.4900E+00,+1.0873E+00
+8.5000E+00,+1.2205E+00
+8.5100E+00,+1.2762E+00
+8.5200E+00,+1.2741E+00
+8.5300E+00,+1.2783E+00
+8.5400E+00,+1.2703E+00
+8.5500E+00,+1.2557E+00
+8.5600E+00,+1.2580E+00
+8.5700E+00,+1.2582E+00
+8.5800E+00,+1.2148E+00
+8.5900E+00,+1.1448E+00
+8.6000E+00,+1.1426E+00
+8.6100E+00,+1.1457E+00
+8.6200E+00,+1.1595E+00
+8.6300E+00,+1.3363E+00
+8.6400E+00,+1.3316E+00
+8.6500E+00,+1.3326E+00
+8.6600E+00,+1.3217E+00
+8.6700E+00,+1.2424E+00
+8.6800E+00,+1.2400E+00
+8.6900E+00,+1.2381E+00
+8.7000E+00,+1.2406E+00
+8.7100E+00,+1.1074E+00
+8.7200E+00,+1.1036E+00
+8.7300E+00,+1.1024E+00
+8.7400E+00,+1.1070E+00
+8.7500E+00,+1.3210E+00
+8.7600E+00,+1.3139E+00
+8.7700E+00,+1.3135E+00
+8.7800E+00,+1.3173E+00
+8.7900E+00,+1.1083E+00
+8.8000E+00,+1.1044E+00
+8.8100E+00,+1.1000E+00
+8.8200E+00,+1.1024E+00
+8.8300E+00,+1.1853E+00
+8.8400E+00,+1.1842E+00
+8.8500E+00,+1.1813E+00
+8.8600E+00,+1.1803E+00
+8.8700E+00,+1.2230E+00
+8.8800E+00,+1.2230E+00
+8.8900E+00,+1.2180E+00
+8.9000E+00,+1.2190E+00
+8.9100E+00,+1.0295E+00
+8.9200E+00,+1.0288E+00
+8.9300E+00,+1.0270E+00
+8.9400E+00,+1.0270E+00
+8.9500E+00,+1.2547E+00
+8.9600E+00,+1.2607E+00
+8.9700E+00,+1.2582E+00
+8.9800E+00,+1.2574E+00
+8.9900E+00,+1.1832E+00
+9.0000E+00,+1.1853E+00
+9.0100E+00,+1.1811E+00
+9.0200E+00,+1.1803E+00
+9.0300E+00,+1.0639E+00
+9.0400E+00,+1.0487E+00
+9.0500E+00,+1.0471E+00
+9.0600E+00,+1.0446E+00
+9.0700E+00,+1.2038E+00
+9.0800E+00,+1.2413E+00
+9.0900E+00,+1.2406E+00
+9.1000E+00,+1.2366E+00
+9.1100E+00,+1.1823E+00
+9.1200E+00,+1.1250E+00
+9.1300E+00,+1.1250E+00
+9.1400E+00,+1.1219E+00
+9.1500E+00,+1.1396E+00
+9.1600E+00,+1.1652E+00
+9.1700E+00,+1.1652E+00
+9.1800E+00,+1.1624E+00
+9.1900E+00,+1.1650E+00
+9.2000E+00,+1.2984E+00
+9.2100E+00,+1.2984E+00
+9.2200E+00,+1.2972E+00
+9.2300E+00,+1.2580E+00
+9.2400E+00,+1.0676E+00
+9.2500E+00,+1.0672E+00
+9.2600E+00,+1.0697E+00
+9.2700E+00,+1.0655E+00
+9.2800E+00,+1.1237E+00
+9.2900E+00,+1.1250E+00
+9.3000E+00,+1.1250E+00
+9.3100E+00,+1.1232E+00
+9.3200E+00,+1.2004E+00
+9.3300E+00,+1.2029E+00
+9.3400E+00,+1.2015E+00
+9.3500E+00,+1.1964E+00
+9.3600E+00,+1.0251E+00
+9.3700E+00,+1.0295E+00
+9.3800E+00,+1.0295E+00
+9.3900E+00,+1.0257E+00
+9.4000E+00,+1.2401E+00
+9.4100E+00,+1.2381E+00
+9.4200E+00,+1.2388E+00
+9.4300E+00,+1.2403E+00
+9.4400E+00,+1.1250E+00
+9.4500E+00,+1.1225E+00
+9.4600E+00,+1.1234E+00
+9.4700E+00,+1.1250E+00
+9.4800E+00,+1.0647E+00
+9.4900E+00,+1.0647E+00
+9.5000E+00,+1.0697E+00
+9.5100E+00,+1.0676E+00
+9.5200E+00,+1.2214E+00
+9.5300E+00,+1.2180E+00
+9.5400E+00,+1.2214E+00
+9.5500E+00,+1.2205E+00
+9.5600E+00,+989.3E-03
+9.5700E+00,+984.6E-03
+9.5800E+00,+987.9E-03
+9.5900E+00,+989.3E-03
+9.6000E+00,+1.1532E+00
+9.6100E+00,+1.1627E+00
+9.6200E+00,+1.1629E+00
+9.6300E+00,+1.1654E+00
+9.6400E+00,+1.1817E+00
+9.6500E+00,+1.1838E+00
+9.6600E+00,+1.1803E+00
+9.6700E+00,+1.1846E+00
+9.6800E+00,+995.7E-03
+9.6900E+00,+931.6E-03
+9.7000E+00,+929.0E-03
+9.7100E+00,+931.5E-03
+9.7200E+00,+1.0702E+00
+9.7300E+00,+1.2197E+00
+9.7400E+00,+1.2176E+00
+9.7500E+00,+1.2205E+00
+9.7600E+00,+1.2142E+00
+9.7700E+00,+1.1995E+00
+9.7800E+00,+1.1992E+00
+9.7900E+00,+1.2004E+00
+9.8000E+00,+1.2009E+00
+9.8100E+00,+1.2028E+00
+9.8200E+00,+1.1979E+00
+9.8300E+00,+1.1979E+00
+9.8400E+00,+1.2043E+00
+9.8500E+00,+1.2245E+00
+9.8600E+00,+1.2180E+00
+9.8700E+00,+1.2180E+00
+9.8800E+00,+1.2207E+00
+9.8900E+00,+1.0113E+00
+9.9000E+00,+1.0044E+00
+9.9100E+00,+1.0069E+00
+9.9200E+00,+1.0087E+00
+9.9300E+00,+1.2252E+00
+9.9400E+00,+1.2181E+00
+9.9500E+00,+1.2200E+00
